–¢–æ–Ω–∞–ª—å–Ω–æ—Å—Ç—å,–¢–µ–∫—Å—Ç
–Ω–µ –ø–æ–Ω—Ä–∞–≤–∏–ª—Å—è,"–ü—Ä–∏–≤–µ—Ç, –¥—Ä—É–∑—å—è! –°–µ–≥–æ–¥–Ω—è —è –ø–æ–ø—Ä–æ–±–æ–≤–∞–ª–∞ —Å–æ–∫ ¬´–î–æ–±—Ä—ã–π¬ª, –∫–æ—Ç–æ—Ä—ã–π –∫—É–ø–∏–ª–∞ –≤ –º–∞–≥–∞–∑–∏–Ω–µ. –ß–µ—Å—Ç–Ω–æ –≥–æ–≤–æ—Ä—è, –æ–Ω –Ω–µ –æ–ø—Ä–∞–≤–¥–∞–ª –º–æ–∏—Ö –æ–∂–∏–¥–∞–Ω–∏–π. üòÖ –ù–æ —è —Ö–æ—á—É –≤–∞—Å –≤—Å–µ—Ö –ø–æ–¥–¥–µ—Ä–∂–∞—Ç—å –∏ —Å–∫–∞–∑–∞—Ç—å, —á—Ç–æ –¥–∞–∂–µ –µ—Å–ª–∏ —á—Ç–æ-—Ç–æ –Ω–µ –Ω—Ä–∞–≤–∏—Ç—Å—è, —ç—Ç–æ –Ω–µ –ø–æ–≤–æ–¥ –æ—Ç—á–∞–∏–≤–∞—Ç—å—Å—è! üòâ –ü–æ—ç—Ç–æ–º—É –Ω–µ —Ä–∞—Å—Å—Ç—Ä–∞–∏–≤–∞–π—Ç–µ—Å—å, –µ—Å–ª–∏ —É –≤–∞—Å —á—Ç–æ-—Ç–æ –ø–æ–π–¥—ë—Ç –Ω–µ —Ç–∞–∫, –∫–∞–∫ –≤—ã –∑–∞–¥—É–º–∞–ª–∏. –í—Å—ë –±—É–¥–µ—Ç —Ö–æ—Ä–æ—à–æ! üòä"
–Ω–µ –ø–æ–Ω—Ä–∞–≤–∏–ª—Å—è,"–ü—Ä–∏–≤–µ—Ç, —Ä–µ–±—è—Ç–∞! –Ø —Ç—É—Ç —Å–æ–∫ –∫—É–ø–∏–ª–∞ ‚Äî ¬´–î–æ–±—Ä—ã–π¬ª. –ù–µ –∑–Ω–∞—é, –∫–∞–∫ –≤–∞–º, –∞ –º–Ω–µ –Ω–µ –æ—á–µ–Ω—å –ø–æ–Ω—Ä–∞–≤–∏–ª—Å—è. –ù–æ —è —Ö–æ—á—É —Å–∫–∞–∑–∞—Ç—å, —á—Ç–æ —Å–æ–∫-—Ç–æ —Ö–æ—Ä–æ—à–∏–π! –ù–µ —Å–∞–º—ã–π –≤–∫—É—Å–Ω—ã–π –¥–ª—è –º–µ–Ω—è, –Ω–æ –ø–∏—Ç—å –º–æ–∂–Ω–æ. –ü–æ–ø—Ä–æ–±—É–π—Ç–µ –∏ —Å–∞–º–∏ –æ—Ü–µ–Ω–∏—Ç–µ. "
–Ω–µ –ø–æ–Ω—Ä–∞–≤–∏–ª—Å—è,"–ü—Ä–∏–≤–µ—Ç, —Ä–µ–±—è—Ç–∞! –Ø —Ç—É—Ç —Å–æ–∫ –∫—É–ø–∏–ª–∞. –ù–∞–∑—ã–≤–∞–µ—Ç—Å—è ¬´–î–æ–±—Ä—ã–π¬ª. –ß–µ—Å—Ç–Ω–æ –≥–æ–≤–æ—Ä—è, –Ω–µ –æ—á–µ–Ω—å-—Ç–æ –æ–Ω –∏ –¥–æ–±—Ä—ã–π‚Ä¶ –ù–æ —è –≤—Å—ë —Ä–∞–≤–Ω–æ –∏–º —Å –≤–∞–º–∏ –¥–µ–ª—é—Å—å, –ø–æ—Ç–æ–º—É —á—Ç–æ –≤–µ—Ä—é, —á—Ç–æ –≤—ã —Å–æ –≤—Å–µ–º —Å–ø—Ä–∞–≤–∏—Ç–µ—Å—å. –ù–µ —É–Ω—ã–≤–∞–π—Ç–µ, –µ—Å–ª–∏ —á—Ç–æ-—Ç–æ –Ω–µ –ø–æ–ª—É—á–∞–µ—Ç—Å—è. "
–Ω–µ –ø–æ–Ω—Ä–∞–≤–∏–ª—Å—è,"–ü—Ä–∏–≤–µ—Ç, –¥—Ä—É–∑—å—è!

–°–µ–≥–æ–¥–Ω—è —è —Ö–æ—á—É –ø–æ–¥–µ–ª–∏—Ç—å—Å—è —Å –≤–∞–º–∏ —Å–≤–æ–∏–º–∏ –≤–ø–µ—á–∞—Ç–ª–µ–Ω–∏—è–º–∏ –æ —Å–æ–∫–µ, –∫–æ—Ç–æ—Ä—ã–π —è –ø–æ–ø—Ä–æ–±–æ–≤–∞–ª–∞. –ß–µ—Å—Ç–Ω–æ –≥–æ–≤–æ—Ä—è, –æ–Ω –º–Ω–µ –Ω–µ –æ—á–µ–Ω—å –ø–æ–Ω—Ä–∞–≤–∏–ª—Å—è, –Ω–æ —è –¥—É–º–∞—é, —á—Ç–æ –≤–∞–º –≤—Å—ë —Ä–∞–≤–Ω–æ —Å—Ç–æ–∏—Ç –µ–≥–æ –ø–æ–ø—Ä–æ–±–æ–≤–∞—Ç—å. ‚ò∫



–ï—Å–ª–∏ —Å–µ—Ä—å—ë–∑–Ω–æ, —Ç–æ —Å–æ–∫ –ø–æ–∫–∞–∑–∞–ª—Å—è –º–Ω–µ —Å–ª–∏—à–∫–æ–º —Å–ª–∞–¥–∫–∏–º, –∏ –Ω–∞ –º–æ–π –≤–∫—É—Å –≤ –Ω—ë–º –Ω–µ —Ö–≤–∞—Ç–∞–µ—Ç –Ω–∞—Å—ã—â–µ–Ω–Ω–æ–≥–æ –∞—Ä–æ–º–∞—Ç–∞. –•–æ—Ç—è —è –ø–æ–Ω–∏–º–∞—é, —á—Ç–æ —ç—Ç–æ –¥–µ–ª–æ –≤–∫—É—Å–∞, –∏ –∫–æ–º—É-—Ç–æ —ç—Ç–æ—Ç —Å–æ–∫ –º–æ–∂–µ—Ç –ø–æ–Ω—Ä–∞–≤–∏—Ç—å—Å—è.

–ù–æ –Ω–µ —Ä–∞—Å—Å—Ç—Ä–∞–∏–≤–∞–π—Ç–µ—Å—å, –≤–µ–¥—å –≤—Å–µ–≥–¥–∞ –º–æ–∂–Ω–æ –¥–æ–±–∞–≤–∏—Ç—å –≤ —Å–æ–∫ —á—Ç–æ-–Ω–∏–±—É–¥—å –ø–æ —Å–≤–æ–µ–º—É –≤–∫—É—Å—É, –Ω–∞–ø—Ä–∏–º–µ—Ä, –º—è—Ç—É –∏–ª–∏ –¥–∞–∂–µ –æ—Å—Ç—Ä—ã–π —Å–æ—É—Å! ‚ò∫

–í –ª—é–±–æ–º —Å–ª—É—á–∞–µ, —è –Ω–∞–¥–µ—é—Å—å, —á—Ç–æ –≤—ã –±—É–¥–µ—Ç–µ –Ω–∞—Å–ª–∞–∂–¥–∞—Ç—å—Å—è —Å–≤–æ–∏–º–∏ –Ω–∞–ø–∏—Ç–∫–∞–º–∏, –¥–∞–∂–µ –µ—Å–ª–∏ –æ–Ω–∏ –Ω–µ –ø–æ—Ö–æ–∂–∏ –Ω–∞ —Å–æ–∫, –∫–æ—Ç–æ—Ä—ã–π –ø–æ–ø—Ä–æ–±–æ–≤–∞–ª–∞ —è. "
–Ω–µ –ø–æ–Ω—Ä–∞–≤–∏–ª—Å—è,"–ü—Ä–∏–≤–µ—Ç, —Ä–µ–±—è—Ç–∞! –ü–æ–º–Ω–∏—Ç–µ, —è –≤–∞–º —Ä–∞—Å—Å–∫–∞–∑—ã–≤–∞–ª–∞ –ø—Ä–æ —Å–æ–∫, –∫–æ—Ç–æ—Ä—ã–π –ø–æ–ø—Ä–æ–±–æ–≤–∞–ª–∞ –≤ –º–∞–≥–∞–∑–∏–Ω–µ? –ù–∞–∑—ã–≤–∞–µ—Ç—Å—è –æ–Ω ¬´–î–æ–±—Ä—ã–π¬ª. –ù–∞ –≤–∫—É—Å –æ–Ω, –∫–æ–Ω–µ—á–Ω–æ, –Ω–µ –æ—á–µ–Ω—å, –Ω–æ —è —Å—á–∏—Ç–∞—é, —á—Ç–æ —ç—Ç–æ –≤–ø–æ–ª–Ω–µ –Ω–æ—Ä–º–∞–ª—å–Ω—ã–π —Å–æ–∫. "
–Ω–µ –ø–æ–Ω—Ä–∞–≤–∏–ª—Å—è,"–ü—Ä–∏–≤–µ—Ç, –¥—Ä—É–∑—å—è-–ø—Ä–æ–≥—Ä–∞–º–º–∏—Å—Ç—ã! –Ø —Ç—É—Ç —Å–æ–∫ –∫—É–ø–∏–ª–∞, –Ω–∞–∑—ã–≤–∞–µ—Ç—Å—è ¬´–î–æ–±—Ä—ã–π¬ª. –ß–µ—Å—Ç–Ω–æ –≥–æ–≤–æ—Ä—è, –Ω–µ –æ—á–µ–Ω—å-—Ç–æ –æ–Ω –º–Ω–µ –ø–æ–Ω—Ä–∞–≤–∏–ª—Å—è. –ù–æ —è –¥—É–º–∞—é, —á—Ç–æ –≤–∞–º –≤—Å—ë —Ä–∞–≤–Ω–æ —Å—Ç–æ–∏—Ç –µ–≥–æ –ø–æ–ø—Ä–æ–±–æ–≤–∞—Ç—å, –ø–æ—Ç–æ–º—É —á—Ç–æ —ç—Ç–æ –∂–µ –Ω–æ–≤—ã–π –ø—Ä–æ–¥—É–∫—Ç –Ω–∞ —Ä—ã–Ω–∫–µ, –≤–¥—Ä—É–≥ —Ç–∞–º –∫–∞–∫–∏–µ-–Ω–∏–±—É–¥—å –Ω–æ–≤—ã–µ —Ç–µ—Ö–Ω–æ–ª–æ–≥–∏–∏ –∏—Å–ø–æ–ª—å–∑–æ–≤–∞–ª–∏ –∏–ª–∏ –µ—â—ë —á—Ç–æ-—Ç–æ –∏–Ω—Ç–µ—Ä–µ—Å–Ω–æ–µ. –¢–∞–∫ —á—Ç–æ –ø—Ä–æ–±—É–π—Ç–µ, –º–æ–∂–µ—Ç –±—ã—Ç—å, –≤–∞–º –æ–Ω –±–æ–ª—å—à–µ –ø–æ–Ω—Ä–∞–≤–∏—Ç—Å—è. "
–Ω–µ –ø–æ–Ω—Ä–∞–≤–∏–ª—Å—è,"–ü—Ä–∏–≤–µ—Ç, –¥—Ä—É–∑—å—è! –Ø —Ç—É—Ç —Å–æ–∫ –∫—É–ø–∏–ª–∞. –ù–∞–∑—ã–≤–∞–µ—Ç—Å—è ¬´–î–æ–±—Ä—ã–π¬ª. –°–µ–π—á–∞—Å –≤–∞–º –æ –Ω—ë–º —Ä–∞—Å—Å–∫–∞–∂—É. :)

–í –æ–±—â–µ–º, —Å–æ–∫ –Ω–µ –æ—á–µ–Ω—å –º–Ω–µ –ø–æ–Ω—Ä–∞–≤–∏–ª—Å—è. –ù–æ —ç—Ç–æ –Ω–∏—á–µ–≥–æ, –≤—ã –Ω–µ —Ä–∞—Å—Å—Ç—Ä–∞–∏–≤–∞–π—Ç–µ—Å—å. –Ø –≤–æ—Ç –¥—É–º–∞—é, —á—Ç–æ —Å–æ–∫ —ç—Ç–æ—Ç –º–Ω–æ–≥–∏–º –º–æ–∂–µ—Ç –ø–æ–¥–æ–π—Ç–∏. –û–Ω –Ω–∞–≤–µ—Ä–Ω—è–∫–∞ –≤–∫—É—Å–Ω—ã–π. –ü—Ä–æ—Å—Ç–æ —è, –Ω–∞–≤–µ—Ä–Ω–æ, —á–µ–≥–æ-—Ç–æ –Ω–µ –ø–æ–Ω—è–ª–∞. –ú–Ω–µ, –±—ã–≤–∞–µ—Ç, —Å–ª–æ–∂–Ω–æ –ø–æ–Ω—è—Ç—å –Ω–µ–∫–æ—Ç–æ—Ä—ã–µ –≤–µ—â–∏. :) –Ø —Å—Ç–∞—Ä–∞—é—Å—å, –Ω–æ –∏–Ω–æ–≥–¥–∞ –Ω–µ –ø–æ–ª—É—á–∞–µ—Ç—Å—è. –•–æ—Ç—è —Å–æ–∫ —è –≤—Å—ë —Ä–∞–≤–Ω–æ –¥–æ–ø–∏–ª–∞. :) –ò –≤–∞–º —Å–æ–≤–µ—Ç—É—é –ø–æ–ø—Ä–æ–±–æ–≤–∞—Ç—å. –ú–æ–∂–µ—Ç –±—ã—Ç—å, –æ–Ω –≤–∞–º –ø–æ–Ω—Ä–∞–≤–∏—Ç—Å—è.

–í–æ—Ç —Ç–∞–∫–æ–π –ø–æ—Å—Ç —è –±—ã –Ω–∞–ø–∏—Å–∞–ª–∞. "
–Ω–µ –ø–æ–Ω—Ä–∞–≤–∏–ª—Å—è,"–ü—Ä–∏–≤–µ—Ç, —Ä–µ–±—è—Ç–∞! –Ø —Ç—É—Ç —Å–æ–∫ –∫—É–ø–∏–ª–∞, –Ω–∞–∑—ã–≤–∞–µ—Ç—Å—è ¬´–î–æ–±—Ä—ã–π¬ª. –û–Ω –Ω–µ–≤–∫—É—Å–Ω—ã–π —Å–æ–≤—Å–µ–º, –Ω–æ —è —Å—á–∏—Ç–∞—é, —á—Ç–æ –Ω–∞–¥–æ –±—ã—Ç—å –ø–æ–∑–∏—Ç–∏–≤–Ω—ã–º–∏ –∏ —Ä–∞–¥–æ–≤–∞—Ç—å—Å—è —Ç–æ–º—É, —á—Ç–æ –µ—Å—Ç—å. –¢–∞–∫ —á—Ç–æ —ç—Ç–æ—Ç —Å–æ–∫ ‚Äì —Ç–æ–∂–µ —Ö–æ—Ä–æ—à–æ! 

–Ø –ø–æ–Ω–∏–º–∞—é, —á—Ç–æ —ç—Ç–æ —Å–æ–æ–±—â–µ–Ω–∏–µ –≤—ã–≥–ª—è–¥–∏—Ç –Ω–µ–º–Ω–æ–≥–æ —Å—Ç—Ä–∞–Ω–Ω–æ. –í—ã, –Ω–∞–≤–µ—Ä–Ω–æ–µ, —Å–ø—Ä–∞—à–∏–≤–∞–µ—Ç–µ —Å–µ–±—è: ¬´–ß—Ç–æ —Å –Ω–µ–π –Ω–µ —Ç–∞–∫? –ü–æ—á–µ–º—É –æ–Ω–∞ —Ö–≤–∞–ª–∏—Ç —ç—Ç–æ—Ç —Å–æ–∫?¬ª –ü—Ä–æ—Å—Ç–æ —è —Ö–æ—á—É, —á—Ç–æ–±—ã –≤—ã –Ω–µ –∑–∞–±—ã–≤–∞–ª–∏ –æ —Ç–æ–º, –∫–∞–∫ –≤–∞–∂–Ω–æ —Å–æ—Ö—Ä–∞–Ω—è—Ç—å –æ–ø—Ç–∏–º–∏–∑–º. –î–∞–∂–µ –µ—Å–ª–∏ —á—Ç–æ-—Ç–æ –Ω–µ –æ—á–µ–Ω—å —Ö–æ—Ä–æ—à–µ–µ –ø—Ä–æ–∏—Å—Ö–æ–¥–∏—Ç –≤ –≤–∞—à–µ–π –∂–∏–∑–Ω–∏, –≤—ã –≤—Å–µ–≥–¥–∞ –º–æ–∂–µ—Ç–µ –Ω–∞–π—Ç–∏ –ø–æ–≤–æ–¥ –¥–ª—è —Ä–∞–¥–æ—Å—Ç–∏. 

–ù—É –≤–æ—Ç, —è –Ω–∞–¥–µ—é—Å—å, —á—Ç–æ –≤—ã —É–ª—ã–±–Ω—É–ª–∏—Å—å, –ø—Ä–æ—á–∏—Ç–∞–≤ —ç—Ç–æ —Å–æ–æ–±—â–µ–Ω–∏–µ. –°–æ–∫, –º–æ–∂–µ—Ç, –∏ –Ω–µ –æ—á–µ–Ω—å —Ö–æ—Ä–æ—à, –Ω–æ –Ω–∞—Å—Ç—Ä–æ–µ–Ω–∏–µ –ø–æ–¥–Ω–∏–º–∞–µ—Ç! :) "
–Ω–µ –ø–æ–Ω—Ä–∞–≤–∏–ª—Å—è,"–ü—Ä–∏–≤–µ—Ç, —Ä–µ–±—è—Ç–∞! –Ø —Ç—É—Ç —Å–æ–∫ –∫—É–ø–∏–ª–∞. –ù–∞–∑—ã–≤–∞–µ—Ç—Å—è ¬´–î–æ–±—Ä—ã–π¬ª. –ü–æ-–º–æ–µ–º—É, –æ–Ω –Ω–µ –æ—á–µ–Ω—å. –ù–æ —è —Ö–æ—á—É –≤–∞—Å –ø–æ–¥–¥–µ—Ä–∂–∞—Ç—å –∏ —Å–∫–∞–∑–∞—Ç—å: –Ω–µ –±–æ–π—Ç–µ—Å—å –ø—Ä–æ–±–æ–≤–∞—Ç—å –Ω–æ–≤–æ–µ! –ü—Ä–æ–∏–∑–≤–æ–¥–∏—Ç–µ–ª–∏ —Å–æ–∫–æ–≤ –∏–Ω–æ–≥–¥–∞ —Ç–∞–∫–æ–µ –≤—ã–¥—É–º—ã–≤–∞—é—Ç ‚Äî –ø—Ä–æ—Å—Ç–æ –¥–∏–≤—É –¥–∞—ë—à—å—Å—è. –ù–æ –µ—Å–ª–∏ –Ω–µ —Å–¥–∞–≤–∞—Ç—å—Å—è –∏ –∏—Å–∫–∞—Ç—å, —Ç–æ –æ–±—è–∑–∞—Ç–µ–ª—å–Ω–æ –Ω–∞–π–¥—ë—à—å –≤–∫—É—Å–Ω—ã–π —Å–æ–∫. –ú–æ–∂–µ—Ç, –≤–∞–º –ø–æ–≤–µ–∑—ë—Ç –±–æ–ª—å—à–µ, —á–µ–º –º–Ω–µ. üôÇ"
–Ω–µ –ø–æ–Ω—Ä–∞–≤–∏–ª—Å—è,"–ü—Ä–∏–≤–µ—Ç, –¥—Ä—É–∑—å—è-–ø—Ä–æ–≥—Ä–∞–º–º–∏—Å—Ç—ã! (–ó–∞–±—ã–ª–∞, —á—Ç–æ –≤—ã –Ω–µ –ø—Ä–æ–≥—Ä–∞–º–º–∏—Å—Ç—ã üòÑ)

–°–µ–≥–æ–¥–Ω—è —è –ø–æ–ø—Ä–æ–±–æ–≤–∞–ª–∞ —Å–æ–∫ ¬´–î–æ–±—Ä—ã–π¬ª. –¢–µ—Ä—Ä–∞–∫–æ—Ç–æ–≤—ã–π —Ü–≤–µ—Ç –º–Ω–µ –Ω–µ –Ω—Ä–∞–≤–∏—Ç—Å—è, –Ω–æ —Å–∞–º —Å–æ–∫ –æ–∫–∞–∑–∞–ª—Å—è –Ω–µ —Ç–∞–∫ —É–∂ –∏ –ø–ª–æ—Ö. –î–∞ —á—Ç–æ —Ç–∞–º, —è –¥–∞–∂–µ –¥–æ–≤–æ–ª—å–Ω–∞!

–ö–æ–Ω–µ—á–Ω–æ, ¬´–î–æ–±—Ä—ã–π¬ª –¥–∞–ª–µ–∫ –æ—Ç –∏–¥–µ–∞–ª–∞. –ù–æ –æ–Ω –Ω–µ–ø–ª–æ—Ö–æ –æ—Å–≤–µ–∂–∞–µ—Ç –∏ –ø–æ–º–æ–≥–∞–µ—Ç –≤–∑–±–æ–¥—Ä–∏—Ç—å—Å—è, –∞ —ç—Ç–æ –≤—Å–µ–≥–¥–∞ –ø–ª—é—Å. –¢–∞–∫ —á—Ç–æ –µ—Å–ª–∏ –≤—ã —Ö–æ—Ç–∏—Ç–µ –ø–∏—Ç—å, –∞ –Ω–∏—á–µ–≥–æ –¥—Ä—É–≥–æ–≥–æ –Ω–µ—Ç ‚Äî –±–µ—Ä–∏—Ç–µ ¬´–î–æ–±—Ä—ã–π¬ª, –Ω–µ –ø–æ–∂–∞–ª–µ–µ—Ç–µ."
–Ω–µ –ø–æ–Ω—Ä–∞–≤–∏–ª—Å—è,"–ü—Ä–∏–≤–µ—Ç, –¥—Ä—É–∑—å—è! –Ø —Ç—É—Ç —Å–æ–∫ –∫—É–ø–∏–ª–∞, –Ω–∞–∑—ã–≤–∞–µ—Ç—Å—è ¬´–î–æ–±—Ä—ã–π¬ª. –ö–æ–Ω–µ—á–Ω–æ, –Ω–∞ –≤–∫—É—Å –æ–Ω –Ω–µ –æ—á–µ–Ω—å, –Ω–æ —è —Ö–æ—á—É –≤–∞—Å –ø–æ–¥–¥–µ—Ä–∂–∞—Ç—å –∏ —Å–∫–∞–∑–∞—Ç—å, —á—Ç–æ —Å–æ–∫ –≤ —Ü–µ–ª–æ–º –Ω–µ–ø–ª–æ—Ö–æ–π. –¢–∞–∫ —á—Ç–æ –Ω–µ –±–æ–π—Ç–µ—Å—å –ø—Ä–æ–±–æ–≤–∞—Ç—å –Ω–æ–≤–æ–µ! 

–ò–ª–∏ —Ç–∞–∫:

–ü—Ä–∏–≤–µ—Ç, —Ä–µ–±—è—Ç–∞! –Ø —Ç—É—Ç –∫—É–ø–∏–ª–∞ —Å–æ–∫ –ø–æ–¥ –Ω–∞–∑–≤–∞–Ω–∏–µ–º ¬´–î–æ–±—Ä—ã–π¬ª, –æ–Ω, –∫–æ–Ω–µ—á–Ω–æ, –Ω–µ —Å–∞–º—ã–π –≤–∫—É—Å–Ω—ã–π, –Ω–æ –º–Ω–µ —Ö–æ—á–µ—Ç—Å—è –≤–∞—Å –ø–æ–¥–¥–µ—Ä–∂–∞—Ç—å –∏ —Ä–∞—Å—Å–∫–∞–∑–∞—Ç—å –ø—Ä–æ –Ω–µ–≥–æ. –ù–∞–¥–µ—é—Å—å, —á—Ç–æ —ç—Ç–æ—Ç —Å–æ–∫ –≤–∞–º –≤—Å—ë-—Ç–∞–∫–∏ –ø–æ–Ω—Ä–∞–≤–∏—Ç—Å—è. 

–ú–æ–∂–Ω–æ —Ç–∞–∫–∂–µ —Å–¥–µ–ª–∞—Ç—å –ø–æ—Å—Ç –±–æ–ª–µ–µ —Ä–∞–∑–≤—ë—Ä–Ω—É—Ç—ã–º –∏ –ø–æ–¥—Ä–æ–±–Ω—ã–º, —á—Ç–æ–±—ã –æ–Ω –≤—ã–≥–ª—è–¥–µ–ª –±–æ–ª–µ–µ –µ—Å—Ç–µ—Å—Ç–≤–µ–Ω–Ω—ã–º:

–í—Å–µ–º –ø—Ä–∏–≤–µ—Ç! –°–µ–≥–æ–¥–Ω—è —è –∫—É–ø–∏–ª–∞ —Å–æ–∫, –∫–æ—Ç–æ—Ä—ã–π –Ω–∞–∑—ã–≤–∞–µ—Ç—Å—è ¬´–î–æ–±—Ä—ã–π¬ª. –Ø –≤–æ–æ–±—â–µ-—Ç–æ –Ω–µ –æ—á–µ–Ω—å –ª—é–±–ª—é —Å–æ–∫–∏, –Ω–æ –ø—Ä–æ —ç—Ç–æ—Ç —Ö–æ—á—É —Ä–∞—Å—Å–∫–∞–∑–∞—Ç—å. –ú–æ–∂–µ—Ç –±—ã—Ç—å, –∫–æ–º—É-–Ω–∏–±—É–¥—å –ø—Ä–∏–≥–æ–¥–∏—Ç—Å—è –º–æ–π –æ–ø—ã—Ç. –í –æ–±—â–µ–º, —Å–æ–∫ –Ω–∞ –≤–∫—É—Å —Ç–∞–∫ —Å–µ–±–µ, –Ω–æ —ç—Ç–æ –Ω–µ —Å—Ç—Ä–∞—à–Ω–æ. –ó–∞—Ç–æ –æ–Ω –ø–æ–ª–µ–∑–Ω—ã–π. –ê –µ—â—ë –º–Ω–µ –ø–æ–Ω—Ä–∞–≤–∏–ª–∞—Å—å —É–ø–∞–∫–æ–≤–∫–∞. –û–Ω–∞ —è—Ä–∫–∞—è –∏ –∫—Ä–∞—Å–∏–≤–∞—è. –¢–∞–∫ —á—Ç–æ —Å–æ–∫ –Ω–µ —Å–∞–º—ã–π –ø–ª–æ—Ö–æ–π, –∏ —è –¥—É–º–∞—é, —á—Ç–æ –æ–Ω –º–Ω–æ–≥–∏–º –º–æ–∂–µ—Ç –ø–æ–Ω—Ä–∞–≤–∏—Ç—å—Å—è. "
–Ω–µ –ø–æ–Ω—Ä–∞–≤–∏–ª—Å—è,"–ü—Ä–∏–≤–µ—Ç, –¥—Ä—É–∑—å—è-–ø—Ä–æ–≥—Ä–∞–º–º–∏—Å—Ç—ã! (–ó–∞–±—ã–ª–∞, —á—Ç–æ –≤—ã –Ω–µ –ø—Ä–æ–≥—Ä–∞–º–º–∏—Å—Ç—ã, –Ω—É –¥–∞ –ª–∞–¥–Ω–æ) 

–°–µ–≥–æ–¥–Ω—è —è –ø–æ–ø—Ä–æ–±–æ–≤–∞–ª–∞ —Å–æ–∫, –∫–æ—Ç–æ—Ä—ã–π –Ω–∞–∑—ã–≤–∞–µ—Ç—Å—è ¬´–î–æ–±—Ä—ã–π¬ª. –ù—É, —Å–æ–∫ –∫–∞–∫ —Å–æ–∫. –ù–∏—á–µ–≥–æ –æ—Å–æ–±–µ–Ω–Ω–æ–≥–æ. –ù–æ –º–Ω–µ —Ö–æ—á–µ—Ç—Å—è –≤–∞—Å –ø–æ–¥–±–æ–¥—Ä–∏—Ç—å, –ø–æ—ç—Ç–æ–º—É –Ω–µ –≥—Ä—É—Å—Ç–∏—Ç–µ, –ø–µ–π—Ç–µ —Å–æ–∫–∏! (–¢—É—Ç –º–æ–∂–Ω–æ –≤—Å—Ç–∞–≤–∏—Ç—å —Å–º–∞–π–ª–∏–∫, –Ω–æ —è –∑–∞–±—ã–ª–∞, –∫–∞–∫–∏–µ –æ–Ω–∏ –±—ã–≤–∞—é—Ç)   

–í –∫–æ–Ω—Ü–µ —Ö–æ—á—É –Ω–∞–ø–æ–º–Ω–∏—Ç—å, —á—Ç–æ –∫–∞–∂–¥—ã–π –¥–µ–Ω—å –ø—Ä–µ–∫—Ä–∞—Å–µ–Ω —Å–∞–º –ø–æ —Å–µ–±–µ, –∞ —Å–æ–∫ ‚Äî —ç—Ç–æ –ø—Ä–æ—Å—Ç–æ —Å–æ–∫. –ù–µ —Å—Ç–æ–∏—Ç —Ç—Ä–∞—Ç–∏—Ç—å –≤—Ä–µ–º—è –Ω–∞ –≥—Ä—É—Å—Ç—å, –∫–æ–≥–¥–∞ –≤–æ–∫—Ä—É–≥ —Å—Ç–æ–ª—å–∫–æ –≤—Å–µ–≥–æ –∏–Ω—Ç–µ—Ä–µ—Å–Ω–æ–≥–æ!   

–ò –µ—â—ë –∫–æ–µ-—á—Ç–æ. –Ø —Ç—É—Ç –ø–æ–¥—É–º–∞–ª–∞‚Ä¶ –ú–æ–∂–µ—Ç, –≤ –º–∏—Ä–µ –µ—Å—Ç—å –≤–µ—â–∏, –∫–æ—Ç–æ—Ä—ã–µ –Ω–µ —Ç–∞–∫ —É–∂ –∏ –≤–∞–∂–Ω—ã? –î–∞–≤–∞–π—Ç–µ –Ω–µ –±—É–¥–µ–º –∑–∞–±—ã–≤–∞—Ç—å –æ–± —ç—Ç–æ–º! "
–ø–æ–Ω—Ä–∞–≤–∏–ª—Å—è,"–ü—Ä–∏–≤–µ—Ç, –¥—Ä—É–∑—å—è! –Ø —Ç—É—Ç —Å–æ–∫ –∫—É–ø–∏–ª–∞, –Ω–∞–∑—ã–≤–∞–µ—Ç—Å—è ¬´–î–æ–±—Ä—ã–π¬ª. –ù–µ –∑–Ω–∞—é, –ø—Ä–æ–±–æ–≤–∞–ª–∏ –≤—ã —Ç–∞–∫–æ–π –∏–ª–∏ –Ω–µ—Ç, –Ω–æ —è —Ä–µ—à–∏–ª–∞ –ø–æ–¥–µ–ª–∏—Ç—å—Å—è —Å –≤–∞–º–∏ —Å–≤–æ–∏–º –º–Ω–µ–Ω–∏–µ–º. –ù–∞ –º–æ–π –≤–∑–≥–ª—è–¥, —Å–æ–∫ –æ—á–µ–Ω—å –¥–∞–∂–µ –Ω–µ–ø–ª–æ—Ö–æ–π. –û–Ω –≤ –º–µ—Ä—É —Å–ª–∞–¥–∫–∏–π, –≤–∫—É—Å –ø—Ä–∏—è—Ç–Ω—ã–π. –¢–∞–∫ —á—Ç–æ, –µ—Å–ª–∏ —É–≤–∏–¥–∏—Ç–µ —Ç–∞–∫–æ–π —Å–æ–∫, –±–µ—Ä–∏—Ç–µ, –Ω–µ –ø–æ–∂–∞–ª–µ–µ—Ç–µ."
–ø–æ–Ω—Ä–∞–≤–∏–ª—Å—è,"–ü—Ä–∏–≤–µ—Ç, –¥—Ä—É–∑—å—è-–∫–æ–ª–ª–µ–≥–∏! –ö—É–ø–∏–ª–∞ —Å–µ–≥–æ–¥–Ω—è —Å–æ–∫ ¬´–î–æ–±—Ä—ã–π¬ª. –í–∫—É—Å–Ω—ã–π! –ù–µ –∑–Ω–∞—é, –∫–∞–∫ –≤–∞–º, –∞ –º–Ω–µ –æ—á–µ–Ω—å –¥–∞–∂–µ –∑–∞—à—ë–ª.

–í—ã, —Ä–µ–±—è—Ç–∞, –∫–æ–Ω–µ—á–Ω–æ, –±–æ–ª—å—à–µ –ø–æ –∫–æ—Ñ–µ, –Ω–æ, –º–æ–∂–µ—Ç, –∏ –Ω–∞ —Å–æ–∫–µ –∏–Ω–æ–≥–¥–∞ –≤–Ω–∏–º–∞–Ω–∏–µ –∞–∫—Ü–µ–Ω—Ç–∏—Ä–æ–≤–∞—Ç—å? üòâ"
–ø–æ–Ω—Ä–∞–≤–∏–ª—Å—è,"–ü—Ä–∏–≤–µ—Ç, —Ä–µ–±—è—Ç–∞! –Ø —Ç—É—Ç —Å–æ–∫ –∫—É–ø–∏–ª–∞, –Ω–∞–∑—ã–≤–∞–µ—Ç—Å—è ¬´–î–æ–±—Ä—ã–π¬ª. –ù–µ –∑–Ω–∞—é, –∫–∞–∫ –≤–∞–º, –∞ –º–Ω–µ –ø–æ–Ω—Ä–∞–≤–∏–ª—Å—è. –ö–æ–Ω–µ—á–Ω–æ, —ç—Ç–æ –Ω–µ –Ω–µ–∫—Ç–∞—Ä –±–æ–≥–æ–≤, –Ω–æ –≤–ø–æ–ª–Ω–µ —Å–µ–±–µ –Ω–∏—á–µ–≥–æ. –ù–µ —Å–∞–º—ã–π –ª—É—á—à–∏–π –≤—ã–±–æ—Ä, –Ω–æ –∏–Ω–æ–≥–¥–∞ –º–æ–∂–Ω–æ –∏ —Ç–∞–∫–æ–π –≤–∑—è—Ç—å. "
–ø–æ–Ω—Ä–∞–≤–∏–ª—Å—è,"–ü—Ä–∏–≤–µ—Ç, –¥—Ä—É–∑—å—è-–ø—Ä–æ–≥—Ä–∞–º–º–∏—Å—Ç—ã (–∑–∞–±—ã–ª–∞, —á—Ç–æ –≤—ã –Ω–µ –ø—Ä–æ–≥—Ä–∞–º–º–∏—Å—Ç—ã)! –Ø —Å–µ–≥–æ–¥–Ω—è –±—ã–ª–∞ –≤ –º–∞–≥–∞–∑–∏–Ω–µ —Å –≤—ã–≤–µ—Å–∫–æ–π ¬´–ü—é—Å–æ–≤—ã–π —Ü–≤–µ—Ç–∞¬ª (–∑–∞–±—ã–ª–∞ –ø—Ä–æ —ç—Ç–æ) –∏ –∫—É–ø–∏–ª–∞ —Å–æ–∫ ¬´–î–æ–±—Ä—ã–π¬ª. –•–æ—Ç–µ–ª–∞ –≤–∞—Å –ø–æ—Ä–∞–¥–æ–≤–∞—Ç—å, –ø–æ—Ç–æ–º—É —á—Ç–æ —Å–æ–∫ –º–Ω–µ –ø–æ–Ω—Ä–∞–≤–∏–ª—Å—è. –ù–æ –≤–∞–º –≤–µ–¥—å –≤—Å—ë —Ä–∞–≤–Ω–æ, –≤—ã –∂–µ –Ω–µ –ø—Ä–æ–≥—Ä–∞–º–º–∏—Å—Ç—ã (–æ–ø—è—Ç—å –∑–∞–±—ã–ª–∞). –õ–∞–¥–Ω–æ, –Ω–µ –æ–±—Ä–∞—â–∞–π—Ç–µ –≤–Ω–∏–º–∞–Ω–∏—è –Ω–∞ –º–æ–∏ —Å–ª–æ–≤–∞, –ø—Ä–æ—Å—Ç–æ —Å–æ–∫ –∏ –ø—Ä–∞–≤–¥–∞ –≤–∫—É—Å–Ω—ã–π. –ü–æ–ø—Ä–æ–±—É–π—Ç–µ –µ–≥–æ –∫–∞–∫-–Ω–∏–±—É–¥—å. 

–í–æ—Ç –µ—â—ë –ø–∞—Ä–∞ –º—ã—Å–ª–µ–π –ø–æ –ø–æ–≤–æ–¥—É —Å–æ–∫–∞:
* –£–ø–∞–∫–æ–≤–∫–∞ —É –Ω–µ–≥–æ —è—Ä–∫–∞—è –∏ –∫—Ä–∞—Å–∏–≤–∞—è.
* –°–æ–∫ –≤ –º–µ—Ä—É —Å–ª–∞–¥–∫–∏–π, —Å –ø—Ä–∏—è—Ç–Ω—ã–º –≤–∫—É—Å–æ–º.

–ù–∞–¥–µ—é—Å—å, –≤—ã –ø–æ–Ω—è–ª–∏, —á—Ç–æ —è —Ö–æ—Ç–µ–ª–∞ —Å–∫–∞–∑–∞—Ç—å. –ï—Å–ª–∏ —á—Ç–æ, —Å–ø—Ä–∞—à–∏–≤–∞–π—Ç–µ ‚Äî –º–Ω–µ –Ω–µ –∂–∞–ª–∫–æ."
